Region,Mean Reversion Intensity,Last Week Return
Japan,0.026916193,0.007
Germany,0.023287704,0.014
Switzerland,0.022487041,0.025
India,0.022352318,-0.017
Canada,0.021340617,0.043
