,Total Return,Return p.a.,Volatility,Sharpe Ratio,Max Drawdown
AQM_HWABAO_50,0.309114365,0.081962467,0.066359745,1.235123296,-0.102849354
Benchmark_50,0.221578555,0.060282818,0.052491883,1.148421708,-0.113041084
